[{"model": "admin.logentry", "pk": 1, "fields": {"action_time": "2023-07-24T19:54:53.376Z", "user": 1, "content_type": 10, "object_id": "1", "object_repr": "Olivia Fox", "action_flag": 1, "change_message": "[{\"added\": {}}]"}}, {"model": "admin.logentry", "pk": 2, "fields": {"action_time": "2023-07-24T19:55:21.300Z", "user": 1, "content_type": 10, "object_id": "2", "object_repr": "Bob Lee", "action_flag": 1, "change_message": "[{\"added\": {}}]"}}, {"model": "admin.logentry", "pk": 3, "fields": {"action_time": "2023-07-24T19:56:12.820Z", "user": 1, "content_type": 10, "object_id": "3", "object_repr": "Joseph Brown", "action_flag": 1, "change_message": "[{\"added\": {}}]"}}, {"model": "admin.logentry", "pk": 4, "fields": {"action_time": "2023-07-24T19:56:28.489Z", "user": 1, "content_type": 10, "object_id": "4", "object_repr": "John Grey", "action_flag": 1, "change_message": "[{\"added\": {}}]"}}, {"model": "admin.logentry", "pk": 5, "fields": {"action_time": "2023-07-24T19:56:46.898Z", "user": 1, "content_type": 10, "object_id": "5", "object_repr": "Devis Green", "action_flag": 1, "change_message": "[{\"added\": {}}]"}}, {"model": "admin.logentry", "pk": 6, "fields": {"action_time": "2023-07-24T19:57:24.136Z", "user": 1, "content_type": 10, "object_id": "6", "object_repr": "Mia Lopez", "action_flag": 1, "change_message": "[{\"added\": {}}]"}}, {"model": "admin.logentry", "pk": 7, "fields": {"action_time": "2023-07-24T19:58:33.075Z", "user": 1, "content_type": 9, "object_id": "1", "object_repr": "USA", "action_flag": 1, "change_message": "[{\"added\": {}}]"}}, {"model": "admin.logentry", "pk": 8, "fields": {"action_time": "2023-07-24T19:58:44.129Z", "user": 1, "content_type": 9, "object_id": "2", "object_repr": "United Kingdom", "action_flag": 1, "change_message": "[{\"added\": {}}]"}}, {"model": "admin.logentry", "pk": 9, "fields": {"action_time": "2023-07-24T19:58:52.399Z", "user": 1, "content_type": 9, "object_id": "3", "object_repr": "Japan", "action_flag": 1, "change_message": "[{\"added\": {}}]"}}, {"model": "admin.logentry", "pk": 10, "fields": {"action_time": "2023-07-24T19:59:01.863Z", "user": 1, "content_type": 9, "object_id": "4", "object_repr": "Australia", "action_flag": 1, "change_message": "[{\"added\": {}}]"}}, {"model": "admin.logentry", "pk": 11, "fields": {"action_time": "2023-07-24T19:59:13.483Z", "user": 1, "content_type": 9, "object_id": "5", "object_repr": "Brazil", "action_flag": 1, "change_message": "[{\"added\": {}}]"}}, {"model": "admin.logentry", "pk": 12, "fields": {"action_time": "2023-07-24T19:59:21.939Z", "user": 1, "content_type": 9, "object_id": "6", "object_repr": "Italy", "action_flag": 1, "change_message": "[{\"added\": {}}]"}}, {"model": "admin.logentry", "pk": 13, "fields": {"action_time": "2023-07-24T19:59:30.619Z", "user": 1, "content_type": 9, "object_id": "7", "object_repr": "Germany", "action_flag": 1, "change_message": "[{\"added\": {}}]"}}, {"model": "admin.logentry", "pk": 14, "fields": {"action_time": "2023-07-24T20:00:00.388Z", "user": 1, "content_type": 14, "object_id": "1", "object_repr": "Sydney(Australia)", "action_flag": 1, "change_message": "[{\"added\": {}}]"}}, {"model": "admin.logentry", "pk": 15, "fields": {"action_time": "2023-07-24T20:00:12.723Z", "user": 1, "content_type": 14, "object_id": "2", "object_repr": "Melbourne(Australia)", "action_flag": 1, "change_message": "[{\"added\": {}}]"}}, {"model": "admin.logentry", "pk": 16, "fields": {"action_time": "2023-07-24T20:00:26.726Z", "user": 1, "content_type": 14, "object_id": "3", "object_repr": "Perth(Australia)", "action_flag": 1, "change_message": "[{\"added\": {}}]"}}, {"model": "admin.logentry", "pk": 17, "fields": {"action_time": "2023-07-24T20:00:47.925Z", "user": 1, "content_type": 14, "object_id": "4", "object_repr": "Rio de Janeiro(Brazil)", "action_flag": 1, "change_message": "[{\"added\": {}}]"}}, {"model": "admin.logentry", "pk": 18, "fields": {"action_time": "2023-07-24T20:01:05.292Z", "user": 1, "content_type": 14, "object_id": "5", "object_repr": "Tokyo(Japan)", "action_flag": 1, "change_message": "[{\"added\": {}}]"}}, {"model": "admin.logentry", "pk": 19, "fields": {"action_time": "2023-07-24T20:01:16.544Z", "user": 1, "content_type": 14, "object_id": "6", "object_repr": "Osaka(Japan)", "action_flag": 1, "change_message": "[{\"added\": {}}]"}}, {"model": "admin.logentry", "pk": 20, "fields": {"action_time": "2023-07-24T20:01:36.087Z", "user": 1, "content_type": 14, "object_id": "7", "object_repr": "Manchester(United Kingdom)", "action_flag": 1, "change_message": "[{\"added\": {}}]"}}, {"model": "admin.logentry", "pk": 21, "fields": {"action_time": "2023-07-24T20:01:46.772Z", "user": 1, "content_type": 14, "object_id": "8", "object_repr": "London(United Kingdom)", "action_flag": 1, "change_message": "[{\"added\": {}}]"}}, {"model": "admin.logentry", "pk": 22, "fields": {"action_time": "2023-07-24T20:02:01.710Z", "user": 1, "content_type": 14, "object_id": "9", "object_repr": "Los Angeles(USA)", "action_flag": 1, "change_message": "[{\"added\": {}}]"}}, {"model": "admin.logentry", "pk": 23, "fields": {"action_time": "2023-07-24T20:02:12.987Z", "user": 1, "content_type": 14, "object_id": "10", "object_repr": "Chicago(USA)", "action_flag": 1, "change_message": "[{\"added\": {}}]"}}, {"model": "admin.logentry", "pk": 24, "fields": {"action_time": "2023-07-24T20:02:25.894Z", "user": 1, "content_type": 14, "object_id": "11", "object_repr": "Miami(USA)", "action_flag": 1, "change_message": "[{\"added\": {}}]"}}, {"model": "admin.logentry", "pk": 25, "fields": {"action_time": "2023-07-24T20:03:00.272Z", "user": 1, "content_type": 10, "object_id": "7", "object_repr": "Daniel Williams", "action_flag": 1, "change_message": "[{\"added\": {}}]"}}, {"model": "admin.logentry", "pk": 26, "fields": {"action_time": "2023-07-24T20:03:24.760Z", "user": 1, "content_type": 10, "object_id": "8", "object_repr": "Ella Garcia", "action_flag": 1, "change_message": "[{\"added\": {}}]"}}, {"model": "admin.logentry", "pk": 27, "fields": {"action_time": "2023-07-24T20:06:41.806Z", "user": 1, "content_type": 7, "object_id": "1", "object_repr": "Boeing 737", "action_flag": 1, "change_message": "[{\"added\": {}}]"}}, {"model": "admin.logentry", "pk": 28, "fields": {"action_time": "2023-07-24T20:06:53.508Z", "user": 1, "content_type": 7, "object_id": "2", "object_repr": "Airbus A320", "action_flag": 1, "change_message": "[{\"added\": {}}]"}}, {"model": "admin.logentry", "pk": 29, "fields": {"action_time": "2023-07-24T20:07:04.964Z", "user": 1, "content_type": 7, "object_id": "3", "object_repr": "Boeing 787 Dreamliner", "action_flag": 1, "change_message": "[{\"added\": {}}]"}}, {"model": "admin.logentry", "pk": 30, "fields": {"action_time": "2023-07-24T20:07:24.372Z", "user": 1, "content_type": 7, "object_id": "4", "object_repr": "Boeing 747", "action_flag": 1, "change_message": "[{\"added\": {}}]"}}, {"model": "admin.logentry", "pk": 31, "fields": {"action_time": "2023-07-24T20:07:59.178Z", "user": 1, "content_type": 7, "object_id": "5", "object_repr": "McDonnell Douglas", "action_flag": 1, "change_message": "[{\"added\": {}}]"}}, {"model": "admin.logentry", "pk": 32, "fields": {"action_time": "2023-07-24T20:08:37.692Z", "user": 1, "content_type": 7, "object_id": "5", "object_repr": "McDonnell Douglas MD-80", "action_flag": 2, "change_message": "[{\"changed\": {\"fields\": [\"Name\"]}}]"}}, {"model": "admin.logentry", "pk": 33, "fields": {"action_time": "2023-07-24T20:09:07.657Z", "user": 1, "content_type": 6, "object_id": "1", "object_repr": "Blackbird", "action_flag": 1, "change_message": "[{\"added\": {}}]"}}, {"model": "admin.logentry", "pk": 34, "fields": {"action_time": "2023-07-24T20:10:09.571Z", "user": 1, "content_type": 6, "object_id": "2", "object_repr": "Jumbo Jet", "action_flag": 1, "change_message": "[{\"added\": {}}]"}}, {"model": "admin.logentry", "pk": 35, "fields": {"action_time": "2023-07-24T20:10:52.359Z", "user": 1, "content_type": 6, "object_id": "3", "object_repr": "Superjumbo", "action_flag": 1, "change_message": "[{\"added\": {}}]"}}, {"model": "admin.logentry", "pk": 36, "fields": {"action_time": "2023-07-24T20:12:18.918Z", "user": 1, "content_type": 6, "object_id": "4", "object_repr": "Triple Seven", "action_flag": 1, "change_message": "[{\"added\": {}}]"}}, {"model": "admin.logentry", "pk": 37, "fields": {"action_time": "2023-07-24T20:13:02.800Z", "user": 1, "content_type": 8, "object_id": "1", "object_repr": "Tokyo Haneda Airport (HND)", "action_flag": 1, "change_message": "[{\"added\": {}}]"}}, {"model": "admin.logentry", "pk": 38, "fields": {"action_time": "2023-07-24T20:13:17.643Z", "user": 1, "content_type": 8, "object_id": "2", "object_repr": "London Heathrow Airport (LHR)", "action_flag": 1, "change_message": "[{\"added\": {}}]"}}, {"model": "admin.logentry", "pk": 39, "fields": {"action_time": "2023-07-24T20:13:38.454Z", "user": 1, "content_type": 8, "object_id": "3", "object_repr": "Los Angeles International Airport (LAX)", "action_flag": 1, "change_message": "[{\"added\": {}}]"}}, {"model": "admin.logentry", "pk": 40, "fields": {"action_time": "2023-07-24T20:15:00.715Z", "user": 1, "content_type": 8, "object_id": "4", "object_repr": "Rio de Janeiro-Galeão International Airport (GIG)", "action_flag": 1, "change_message": "[{\"added\": {}}]"}}, {"model": "admin.logentry", "pk": 41, "fields": {"action_time": "2023-07-24T20:15:35.977Z", "user": 1, "content_type": 8, "object_id": "5", "object_repr": "Brasília International Airport (BSB)", "action_flag": 1, "change_message": "[{\"added\": {}}]"}}, {"model": "admin.logentry", "pk": 42, "fields": {"action_time": "2023-07-24T20:16:27.851Z", "user": 1, "content_type": 8, "object_id": "6", "object_repr": "Sydney Kingsford Smith Airport (SYD)", "action_flag": 1, "change_message": "[{\"added\": {}}]"}}, {"model": "admin.logentry", "pk": 43, "fields": {"action_time": "2023-07-24T20:17:02.110Z", "user": 1, "content_type": 14, "object_id": "12", "object_repr": "Frankfurt(Germany)", "action_flag": 1, "change_message": "[{\"added\": {}}]"}}, {"model": "admin.logentry", "pk": 44, "fields": {"action_time": "2023-07-24T20:17:10.232Z", "user": 1, "content_type": 14, "object_id": "13", "object_repr": "Berlin(Germany)", "action_flag": 1, "change_message": "[{\"added\": {}}]"}}, {"model": "admin.logentry", "pk": 45, "fields": {"action_time": "2023-07-24T20:17:31.954Z", "user": 1, "content_type": 8, "object_id": "7", "object_repr": "Frankfurt am Main Airport (FRA)", "action_flag": 1, "change_message": "[{\"added\": {}}]"}}, {"model": "admin.logentry", "pk": 46, "fields": {"action_time": "2023-07-24T20:17:51.115Z", "user": 1, "content_type": 8, "object_id": "8", "object_repr": "Berlin Brandenburg Airport (BER)", "action_flag": 1, "change_message": "[{\"added\": {}}]"}}, {"model": "admin.logentry", "pk": 47, "fields": {"action_time": "2023-07-24T20:18:17.101Z", "user": 1, "content_type": 12, "object_id": "1", "object_repr": "Tokyo Haneda Airport (HND) - London Heathrow Airport (LHR)", "action_flag": 1, "change_message": "[{\"added\": {}}]"}}, {"model": "admin.logentry", "pk": 48, "fields": {"action_time": "2023-07-24T20:18:34.156Z", "user": 1, "content_type": 12, "object_id": "2", "object_repr": "Los Angeles International Airport (LAX) - Rio de Janeiro-Galeão International Airport (GIG)", "action_flag": 1, "change_message": "[{\"added\": {}}]"}}, {"model": "admin.logentry", "pk": 49, "fields": {"action_time": "2023-07-24T20:18:55.799Z", "user": 1, "content_type": 12, "object_id": "3", "object_repr": "Frankfurt am Main Airport (FRA) - Sydney Kingsford Smith Airport (SYD)", "action_flag": 1, "change_message": "[{\"added\": {}}]"}}, {"model": "admin.logentry", "pk": 50, "fields": {"action_time": "2023-07-24T20:19:19.477Z", "user": 1, "content_type": 12, "object_id": "4", "object_repr": "Brasília International Airport (BSB) - Berlin Brandenburg Airport (BER)", "action_flag": 1, "change_message": "[{\"added\": {}}]"}}, {"model": "admin.logentry", "pk": 51, "fields": {"action_time": "2023-07-24T20:19:48.978Z", "user": 1, "content_type": 12, "object_id": "5", "object_repr": "Los Angeles International Airport (LAX) - Berlin Brandenburg Airport (BER)", "action_flag": 1, "change_message": "[{\"added\": {}}]"}}, {"model": "admin.logentry", "pk": 52, "fields": {"action_time": "2023-07-24T20:20:24.483Z", "user": 1, "content_type": 13, "object_id": "1", "object_repr": "Tokyo Haneda Airport (HND) - London Heathrow Airport (LHR) (departure: 2023-07-26 20:20:05+00:00 - arrival: 2023-07-27 20:20:19+00:00)", "action_flag": 1, "change_message": "[{\"added\": {}}]"}}, {"model": "admin.logentry", "pk": 53, "fields": {"action_time": "2023-07-24T20:21:17.505Z", "user": 1, "content_type": 13, "object_id": "2", "object_repr": "Los Angeles International Airport (LAX) - Berlin Brandenburg Airport (BER) (departure: 2023-07-10 20:20:40+00:00 - arrival: 2023-07-11 20:21:06+00:00)", "action_flag": 1, "change_message": "[{\"added\": {}}]"}}, {"model": "admin.logentry", "pk": 54, "fields": {"action_time": "2023-07-24T20:22:03.056Z", "user": 1, "content_type": 13, "object_id": "3", "object_repr": "Frankfurt am Main Airport (FRA) - Sydney Kingsford Smith Airport (SYD) (departure: 2023-08-30 20:21:51+00:00 - arrival: 2023-08-31 20:21:54+00:00)", "action_flag": 1, "change_message": "[{\"added\": {}}]"}}, {"model": "admin.logentry", "pk": 55, "fields": {"action_time": "2023-07-24T20:22:43.096Z", "user": 1, "content_type": 13, "object_id": "4", "object_repr": "Brasília International Airport (BSB) - Berlin Brandenburg Airport (BER) (departure: 2023-07-24 20:22:33+00:00 - arrival: 2023-07-25 20:22:38+00:00)", "action_flag": 1, "change_message": "[{\"added\": {}}]"}}, {"model": "admin.logentry", "pk": 56, "fields": {"action_time": "2023-07-24T20:24:15.835Z", "user": 1, "content_type": 11, "object_id": "1", "object_repr": "2023-07-24 20:24:15.823494+00:00", "action_flag": 1, "change_message": "[{\"added\": {}}, {\"added\": {\"name\": \"ticket\", \"object\": \"Tokyo Haneda Airport (HND) - London Heathrow Airport (LHR) (departure: 2023-07-26 20:20:05+00:00 - arrival: 2023-07-27 20:20:19+00:00)(row: 5, seat: 1)\"}}, {\"added\": {\"name\": \"ticket\", \"object\": \"Tokyo Haneda Airport (HND) - London Heathrow Airport (LHR) (departure: 2023-07-26 20:20:05+00:00 - arrival: 2023-07-27 20:20:19+00:00)(row: 6, seat: 2)\"}}]"}}, {"model": "admin.logentry", "pk": 57, "fields": {"action_time": "2023-07-24T20:24:51.956Z", "user": 1, "content_type": 11, "object_id": "2", "object_repr": "2023-07-24 20:24:51.951190+00:00", "action_flag": 1, "change_message": "[{\"added\": {}}, {\"added\": {\"name\": \"ticket\", \"object\": \"Frankfurt am Main Airport (FRA) - Sydney Kingsford Smith Airport (SYD) (departure: 2023-08-30 20:21:51+00:00 - arrival: 2023-08-31 20:21:54+00:00)(row: 10, seat: 6)\"}}]"}}, {"model": "admin.logentry", "pk": 58, "fields": {"action_time": "2023-07-24T20:25:05.746Z", "user": 1, "content_type": 11, "object_id": "3", "object_repr": "2023-07-24 20:25:05.736987+00:00", "action_flag": 1, "change_message": "[{\"added\": {}}, {\"added\": {\"name\": \"ticket\", \"object\": \"Bras\\u00edlia International Airport (BSB) - Berlin Brandenburg Airport (BER) (departure: 2023-07-24 20:22:33+00:00 - arrival: 2023-07-25 20:22:38+00:00)(row: 4, seat: 8)\"}}]"}}, {"model": "admin.logentry", "pk": 59, "fields": {"action_time": "2023-07-24T20:25:34.807Z", "user": 1, "content_type": 11, "object_id": "3", "object_repr": "2023-07-24 20:25:05.736987+00:00", "action_flag": 2, "change_message": "[{\"changed\": {\"name\": \"ticket\", \"object\": \"Bras\\u00edlia International Airport (BSB) - Berlin Brandenburg Airport (BER) (departure: 2023-07-24 20:22:33+00:00 - arrival: 2023-07-25 20:22:38+00:00)(row: 4, seat: 9)\", \"fields\": [\"Seat\"]}}]"}}, {"model": "admin.logentry", "pk": 60, "fields": {"action_time": "2023-07-24T20:32:19.777Z", "user": 1, "content_type": 11, "object_id": "4", "object_repr": "2023-07-24 20:32:19.766016+00:00", "action_flag": 1, "change_message": "[{\"added\": {}}, {\"added\": {\"name\": \"ticket\", \"object\": \"Frankfurt am Main Airport (FRA) - Sydney Kingsford Smith Airport (SYD) (departure: 2023-08-30 20:21:51+00:00 - arrival: 2023-08-31 20:21:54+00:00)(row: 5, seat: 4)\"}}, {\"added\": {\"name\": \"ticket\", \"object\": \"Frankfurt am Main Airport (FRA) - Sydney Kingsford Smith Airport (SYD) (departure: 2023-08-30 20:21:51+00:00 - arrival: 2023-08-31 20:21:54+00:00)(row: 6, seat: 5)\"}}]"}}, {"model": "admin.logentry", "pk": 61, "fields": {"action_time": "2023-07-24T20:32:27.024Z", "user": 1, "content_type": 11, "object_id": "5", "object_repr": "2023-07-24 20:32:27.023488+00:00", "action_flag": 1, "change_message": "[{\"added\": {}}]"}}, {"model": "admin.logentry", "pk": 62, "fields": {"action_time": "2023-07-24T20:32:50.565Z", "user": 1, "content_type": 11, "object_id": "5", "object_repr": "2023-07-24 20:32:27.023488+00:00", "action_flag": 2, "change_message": "[{\"added\": {\"name\": \"ticket\", \"object\": \"Bras\\u00edlia International Airport (BSB) - Berlin Brandenburg Airport (BER) (departure: 2023-07-24 20:22:33+00:00 - arrival: 2023-07-25 20:22:38+00:00)(row: 13, seat: 5)\"}}]"}}, {"model": "admin.logentry", "pk": 63, "fields": {"action_time": "2023-07-24T20:33:09.473Z", "user": 1, "content_type": 11, "object_id": "6", "object_repr": "2023-07-24 20:33:09.467000+00:00", "action_flag": 1, "change_message": "[{\"added\": {}}, {\"added\": {\"name\": \"ticket\", \"object\": \"Frankfurt am Main Airport (FRA) - Sydney Kingsford Smith Airport (SYD) (departure: 2023-08-30 20:21:51+00:00 - arrival: 2023-08-31 20:21:54+00:00)(row: 22, seat: 4)\"}}]"}}, {"model": "auth.permission", "pk": 1, "fields": {"name": "Can add log entry", "content_type": 1, "codename": "add_logentry"}}, {"model": "auth.permission", "pk": 2, "fields": {"name": "Can change log entry", "content_type": 1, "codename": "change_logentry"}}, {"model": "auth.permission", "pk": 3, "fields": {"name": "Can delete log entry", "content_type": 1, "codename": "delete_logentry"}}, {"model": "auth.permission", "pk": 4, "fields": {"name": "Can view log entry", "content_type": 1, "codename": "view_logentry"}}, {"model": "auth.permission", "pk": 5, "fields": {"name": "Can add permission", "content_type": 2, "codename": "add_permission"}}, {"model": "auth.permission", "pk": 6, "fields": {"name": "Can change permission", "content_type": 2, "codename": "change_permission"}}, {"model": "auth.permission", "pk": 7, "fields": {"name": "Can delete permission", "content_type": 2, "codename": "delete_permission"}}, {"model": "auth.permission", "pk": 8, "fields": {"name": "Can view permission", "content_type": 2, "codename": "view_permission"}}, {"model": "auth.permission", "pk": 9, "fields": {"name": "Can add group", "content_type": 3, "codename": "add_group"}}, {"model": "auth.permission", "pk": 10, "fields": {"name": "Can change group", "content_type": 3, "codename": "change_group"}}, {"model": "auth.permission", "pk": 11, "fields": {"name": "Can delete group", "content_type": 3, "codename": "delete_group"}}, {"model": "auth.permission", "pk": 12, "fields": {"name": "Can view group", "content_type": 3, "codename": "view_group"}}, {"model": "auth.permission", "pk": 13, "fields": {"name": "Can add content type", "content_type": 4, "codename": "add_contenttype"}}, {"model": "auth.permission", "pk": 14, "fields": {"name": "Can change content type", "content_type": 4, "codename": "change_contenttype"}}, {"model": "auth.permission", "pk": 15, "fields": {"name": "Can delete content type", "content_type": 4, "codename": "delete_contenttype"}}, {"model": "auth.permission", "pk": 16, "fields": {"name": "Can view content type", "content_type": 4, "codename": "view_contenttype"}}, {"model": "auth.permission", "pk": 17, "fields": {"name": "Can add session", "content_type": 5, "codename": "add_session"}}, {"model": "auth.permission", "pk": 18, "fields": {"name": "Can change session", "content_type": 5, "codename": "change_session"}}, {"model": "auth.permission", "pk": 19, "fields": {"name": "Can delete session", "content_type": 5, "codename": "delete_session"}}, {"model": "auth.permission", "pk": 20, "fields": {"name": "Can view session", "content_type": 5, "codename": "view_session"}}, {"model": "auth.permission", "pk": 21, "fields": {"name": "Can add airplane", "content_type": 6, "codename": "add_airplane"}}, {"model": "auth.permission", "pk": 22, "fields": {"name": "Can change airplane", "content_type": 6, "codename": "change_airplane"}}, {"model": "auth.permission", "pk": 23, "fields": {"name": "Can delete airplane", "content_type": 6, "codename": "delete_airplane"}}, {"model": "auth.permission", "pk": 24, "fields": {"name": "Can view airplane", "content_type": 6, "codename": "view_airplane"}}, {"model": "auth.permission", "pk": 25, "fields": {"name": "Can add airplane type", "content_type": 7, "codename": "add_airplanetype"}}, {"model": "auth.permission", "pk": 26, "fields": {"name": "Can change airplane type", "content_type": 7, "codename": "change_airplanetype"}}, {"model": "auth.permission", "pk": 27, "fields": {"name": "Can delete airplane type", "content_type": 7, "codename": "delete_airplanetype"}}, {"model": "auth.permission", "pk": 28, "fields": {"name": "Can view airplane type", "content_type": 7, "codename": "view_airplanetype"}}, {"model": "auth.permission", "pk": 29, "fields": {"name": "Can add airport", "content_type": 8, "codename": "add_airport"}}, {"model": "auth.permission", "pk": 30, "fields": {"name": "Can change airport", "content_type": 8, "codename": "change_airport"}}, {"model": "auth.permission", "pk": 31, "fields": {"name": "Can delete airport", "content_type": 8, "codename": "delete_airport"}}, {"model": "auth.permission", "pk": 32, "fields": {"name": "Can view airport", "content_type": 8, "codename": "view_airport"}}, {"model": "auth.permission", "pk": 33, "fields": {"name": "Can add country", "content_type": 9, "codename": "add_country"}}, {"model": "auth.permission", "pk": 34, "fields": {"name": "Can change country", "content_type": 9, "codename": "change_country"}}, {"model": "auth.permission", "pk": 35, "fields": {"name": "Can delete country", "content_type": 9, "codename": "delete_country"}}, {"model": "auth.permission", "pk": 36, "fields": {"name": "Can view country", "content_type": 9, "codename": "view_country"}}, {"model": "auth.permission", "pk": 37, "fields": {"name": "Can add crew", "content_type": 10, "codename": "add_crew"}}, {"model": "auth.permission", "pk": 38, "fields": {"name": "Can change crew", "content_type": 10, "codename": "change_crew"}}, {"model": "auth.permission", "pk": 39, "fields": {"name": "Can delete crew", "content_type": 10, "codename": "delete_crew"}}, {"model": "auth.permission", "pk": 40, "fields": {"name": "Can view crew", "content_type": 10, "codename": "view_crew"}}, {"model": "auth.permission", "pk": 41, "fields": {"name": "Can add order", "content_type": 11, "codename": "add_order"}}, {"model": "auth.permission", "pk": 42, "fields": {"name": "Can change order", "content_type": 11, "codename": "change_order"}}, {"model": "auth.permission", "pk": 43, "fields": {"name": "Can delete order", "content_type": 11, "codename": "delete_order"}}, {"model": "auth.permission", "pk": 44, "fields": {"name": "Can view order", "content_type": 11, "codename": "view_order"}}, {"model": "auth.permission", "pk": 45, "fields": {"name": "Can add route", "content_type": 12, "codename": "add_route"}}, {"model": "auth.permission", "pk": 46, "fields": {"name": "Can change route", "content_type": 12, "codename": "change_route"}}, {"model": "auth.permission", "pk": 47, "fields": {"name": "Can delete route", "content_type": 12, "codename": "delete_route"}}, {"model": "auth.permission", "pk": 48, "fields": {"name": "Can view route", "content_type": 12, "codename": "view_route"}}, {"model": "auth.permission", "pk": 49, "fields": {"name": "Can add flight", "content_type": 13, "codename": "add_flight"}}, {"model": "auth.permission", "pk": 50, "fields": {"name": "Can change flight", "content_type": 13, "codename": "change_flight"}}, {"model": "auth.permission", "pk": 51, "fields": {"name": "Can delete flight", "content_type": 13, "codename": "delete_flight"}}, {"model": "auth.permission", "pk": 52, "fields": {"name": "Can view flight", "content_type": 13, "codename": "view_flight"}}, {"model": "auth.permission", "pk": 53, "fields": {"name": "Can add city", "content_type": 14, "codename": "add_city"}}, {"model": "auth.permission", "pk": 54, "fields": {"name": "Can change city", "content_type": 14, "codename": "change_city"}}, {"model": "auth.permission", "pk": 55, "fields": {"name": "Can delete city", "content_type": 14, "codename": "delete_city"}}, {"model": "auth.permission", "pk": 56, "fields": {"name": "Can view city", "content_type": 14, "codename": "view_city"}}, {"model": "auth.permission", "pk": 57, "fields": {"name": "Can add ticket", "content_type": 15, "codename": "add_ticket"}}, {"model": "auth.permission", "pk": 58, "fields": {"name": "Can change ticket", "content_type": 15, "codename": "change_ticket"}}, {"model": "auth.permission", "pk": 59, "fields": {"name": "Can delete ticket", "content_type": 15, "codename": "delete_ticket"}}, {"model": "auth.permission", "pk": 60, "fields": {"name": "Can view ticket", "content_type": 15, "codename": "view_ticket"}}, {"model": "auth.permission", "pk": 61, "fields": {"name": "Can add user", "content_type": 16, "codename": "add_user"}}, {"model": "auth.permission", "pk": 62, "fields": {"name": "Can change user", "content_type": 16, "codename": "change_user"}}, {"model": "auth.permission", "pk": 63, "fields": {"name": "Can delete user", "content_type": 16, "codename": "delete_user"}}, {"model": "auth.permission", "pk": 64, "fields": {"name": "Can view user", "content_type": 16, "codename": "view_user"}}, {"model": "contenttypes.contenttype", "pk": 1, "fields": {"app_label": "admin", "model": "logentry"}}, {"model": "contenttypes.contenttype", "pk": 2, "fields": {"app_label": "auth", "model": "permission"}}, {"model": "contenttypes.contenttype", "pk": 3, "fields": {"app_label": "auth", "model": "group"}}, {"model": "contenttypes.contenttype", "pk": 4, "fields": {"app_label": "contenttypes", "model": "contenttype"}}, {"model": "contenttypes.contenttype", "pk": 5, "fields": {"app_label": "sessions", "model": "session"}}, {"model": "contenttypes.contenttype", "pk": 6, "fields": {"app_label": "airport", "model": "airplane"}}, {"model": "contenttypes.contenttype", "pk": 7, "fields": {"app_label": "airport", "model": "airplanetype"}}, {"model": "contenttypes.contenttype", "pk": 8, "fields": {"app_label": "airport", "model": "airport"}}, {"model": "contenttypes.contenttype", "pk": 9, "fields": {"app_label": "airport", "model": "country"}}, {"model": "contenttypes.contenttype", "pk": 10, "fields": {"app_label": "airport", "model": "crew"}}, {"model": "contenttypes.contenttype", "pk": 11, "fields": {"app_label": "airport", "model": "order"}}, {"model": "contenttypes.contenttype", "pk": 12, "fields": {"app_label": "airport", "model": "route"}}, {"model": "contenttypes.contenttype", "pk": 13, "fields": {"app_label": "airport", "model": "flight"}}, {"model": "contenttypes.contenttype", "pk": 14, "fields": {"app_label": "airport", "model": "city"}}, {"model": "contenttypes.contenttype", "pk": 15, "fields": {"app_label": "airport", "model": "ticket"}}, {"model": "contenttypes.contenttype", "pk": 16, "fields": {"app_label": "user", "model": "user"}}, {"model": "sessions.session", "pk": "t4akccrbh6i1wh09nfs2umxc2qklo1un", "fields": {"session_data": ".eJxVjDsOwjAQRO_iGllevKxtSvqcwVr_cAA5UpxUiLuTSCmgmWLem3kLz-tS_drz7MckrgLE6bcLHJ-57SA9uN0nGae2zGOQuyIP2uUwpfy6He7fQeVet7Vx2oRkjAvMCkG7DHCOWyBaJO0IqQApviQoFJEtG0sq2xLYRp1IfL6_VzdK:1qNrhD:a6hA9XY2rZEGkKJ74G5J-fMIfo_XTmkadxED3jFEROE", "expire_date": "2023-08-07T09:17:39.390Z"}}, {"model": "airport.crew", "pk": 1, "fields": {"first_name": "Olivia", "last_name": "Fox"}}, {"model": "airport.crew", "pk": 2, "fields": {"first_name": "Bob", "last_name": "Lee"}}, {"model": "airport.crew", "pk": 3, "fields": {"first_name": "Joseph", "last_name": "Brown"}}, {"model": "airport.crew", "pk": 4, "fields": {"first_name": "John", "last_name": "Grey"}}, {"model": "airport.crew", "pk": 5, "fields": {"first_name": "Devis", "last_name": "Green"}}, {"model": "airport.crew", "pk": 6, "fields": {"first_name": "Mia", "last_name": "Lopez"}}, {"model": "airport.crew", "pk": 7, "fields": {"first_name": "Daniel", "last_name": "Williams"}}, {"model": "airport.crew", "pk": 8, "fields": {"first_name": "Ella", "last_name": "Garcia"}}, {"model": "airport.country", "pk": 1, "fields": {"name": "USA"}}, {"model": "airport.country", "pk": 2, "fields": {"name": "United Kingdom"}}, {"model": "airport.country", "pk": 3, "fields": {"name": "Japan"}}, {"model": "airport.country", "pk": 4, "fields": {"name": "Australia"}}, {"model": "airport.country", "pk": 5, "fields": {"name": "Brazil"}}, {"model": "airport.country", "pk": 6, "fields": {"name": "Italy"}}, {"model": "airport.country", "pk": 7, "fields": {"name": "Germany"}}, {"model": "airport.city", "pk": 1, "fields": {"country": 4, "name": "Sydney"}}, {"model": "airport.city", "pk": 2, "fields": {"country": 4, "name": "Melbourne"}}, {"model": "airport.city", "pk": 3, "fields": {"country": 4, "name": "Perth"}}, {"model": "airport.city", "pk": 4, "fields": {"country": 5, "name": "Rio de Janeiro"}}, {"model": "airport.city", "pk": 5, "fields": {"country": 3, "name": "Tokyo"}}, {"model": "airport.city", "pk": 6, "fields": {"country": 3, "name": "Osaka"}}, {"model": "airport.city", "pk": 7, "fields": {"country": 2, "name": "Manchester"}}, {"model": "airport.city", "pk": 8, "fields": {"country": 2, "name": "London"}}, {"model": "airport.city", "pk": 9, "fields": {"country": 1, "name": "Los Angeles"}}, {"model": "airport.city", "pk": 10, "fields": {"country": 1, "name": "Chicago"}}, {"model": "airport.city", "pk": 11, "fields": {"country": 1, "name": "Miami"}}, {"model": "airport.city", "pk": 12, "fields": {"country": 7, "name": "Frankfurt"}}, {"model": "airport.city", "pk": 13, "fields": {"country": 7, "name": "Berlin"}}, {"model": "airport.airport", "pk": 1, "fields": {"name": "Tokyo Haneda Airport (HND)", "closest_big_city": 5}}, {"model": "airport.airport", "pk": 2, "fields": {"name": "London Heathrow Airport (LHR)", "closest_big_city": 8}}, {"model": "airport.airport", "pk": 3, "fields": {"name": "Los Angeles International Airport (LAX)", "closest_big_city": 9}}, {"model": "airport.airport", "pk": 4, "fields": {"name": "Rio de Janeiro-Galeão International Airport (GIG)", "closest_big_city": 4}}, {"model": "airport.airport", "pk": 5, "fields": {"name": "Brasília International Airport (BSB)", "closest_big_city": 4}}, {"model": "airport.airport", "pk": 6, "fields": {"name": "Sydney Kingsford Smith Airport (SYD)", "closest_big_city": 1}}, {"model": "airport.airport", "pk": 7, "fields": {"name": "Frankfurt am Main Airport (FRA)", "closest_big_city": 12}}, {"model": "airport.airport", "pk": 8, "fields": {"name": "Berlin Brandenburg Airport (BER)", "closest_big_city": 13}}, {"model": "airport.route", "pk": 1, "fields": {"source": 1, "destination": 2, "distance": 1060}}, {"model": "airport.route", "pk": 2, "fields": {"source": 3, "destination": 4, "distance": 690}}, {"model": "airport.route", "pk": 3, "fields": {"source": 7, "destination": 6, "distance": 860}}, {"model": "airport.route", "pk": 4, "fields": {"source": 5, "destination": 8, "distance": 940}}, {"model": "airport.route", "pk": 5, "fields": {"source": 3, "destination": 8, "distance": 830}}, {"model": "airport.route", "pk": 6, "fields": {"source": 6, "destination": 5, "distance": 770}}, {"model": "airport.airplanetype", "pk": 1, "fields": {"name": "Boeing 737"}}, {"model": "airport.airplanetype", "pk": 2, "fields": {"name": "Airbus A320"}}, {"model": "airport.airplanetype", "pk": 3, "fields": {"name": "Boeing 787 Dreamliner"}}, {"model": "airport.airplanetype", "pk": 4, "fields": {"name": "Boeing 747"}}, {"model": "airport.airplanetype", "pk": 5, "fields": {"name": "McDonnell Douglas MD-80"}}, {"model": "airport.airplane", "pk": 1, "fields": {"name": "Blackbird", "rows": 30, "seats_in_row": 5, "airplane_type": 5}}, {"model": "airport.airplane", "pk": 2, "fields": {"name": "Jumbo Jet", "rows": 64, "seats_in_row": 10, "airplane_type": 4}}, {"model": "airport.airplane", "pk": 3, "fields": {"name": "Superjumbo", "rows": 42, "seats_in_row": 6, "airplane_type": 2}}, {"model": "airport.airplane", "pk": 4, "fields": {"name": "Triple Seven", "rows": 40, "seats_in_row": 6, "airplane_type": 1}}, {"model": "airport.flight", "pk": 1, "fields": {"route": 1, "airplane": 1, "departure_time": "2023-07-26T20:20:05Z", "arrival_time": "2023-07-27T20:20:19Z", "crew": [3, 1, 8]}}, {"model": "airport.flight", "pk": 2, "fields": {"route": 5, "airplane": 4, "departure_time": "2023-07-10T20:20:40Z", "arrival_time": "2023-07-11T20:21:06Z", "crew": [5, 4, 2, 7]}}, {"model": "airport.flight", "pk": 3, "fields": {"route": 3, "airplane": 3, "departure_time": "2023-08-30T20:21:51Z", "arrival_time": "2023-08-31T20:21:54Z", "crew": [8, 5, 4]}}, {"model": "airport.flight", "pk": 4, "fields": {"route": 4, "airplane": 2, "departure_time": "2023-07-24T20:22:33Z", "arrival_time": "2023-07-25T20:22:38Z", "crew": [8, 5, 4, 2, 6]}}, {"model": "airport.order", "pk": 1, "fields": {"created_at": "2023-07-24T20:24:15.823Z", "user": 1}}, {"model": "airport.order", "pk": 2, "fields": {"created_at": "2023-07-24T20:24:51.951Z", "user": 1}}, {"model": "airport.order", "pk": 3, "fields": {"created_at": "2023-07-24T20:25:05.736Z", "user": 1}}, {"model": "airport.order", "pk": 4, "fields": {"created_at": "2023-07-24T20:32:19.766Z", "user": 2}}, {"model": "airport.order", "pk": 5, "fields": {"created_at": "2023-07-24T20:32:27.023Z", "user": 2}}, {"model": "airport.order", "pk": 6, "fields": {"created_at": "2023-07-24T20:33:09.467Z", "user": 4}}, {"model": "airport.ticket", "pk": 1, "fields": {"row": 5, "seat": 1, "flight": 1, "order": 1}}, {"model": "airport.ticket", "pk": 2, "fields": {"row": 6, "seat": 2, "flight": 1, "order": 1}}, {"model": "airport.ticket", "pk": 3, "fields": {"row": 10, "seat": 6, "flight": 3, "order": 2}}, {"model": "airport.ticket", "pk": 4, "fields": {"row": 4, "seat": 9, "flight": 4, "order": 3}}, {"model": "airport.ticket", "pk": 5, "fields": {"row": 5, "seat": 4, "flight": 3, "order": 4}}, {"model": "airport.ticket", "pk": 6, "fields": {"row": 6, "seat": 5, "flight": 3, "order": 4}}, {"model": "airport.ticket", "pk": 7, "fields": {"row": 13, "seat": 5, "flight": 4, "order": 5}}, {"model": "airport.ticket", "pk": 8, "fields": {"row": 22, "seat": 4, "flight": 3, "order": 6}}, {"model": "user.user", "pk": 1, "fields": {"password": "pbkdf2_sha256$600000$0VbDbNc012jGSQdPjJyMZX$I03oNl5HJzeEqAHbla9y4170jME085MuxN9xfCZDytI=", "last_login": "2023-07-24T09:17:39.386Z", "is_superuser": true, "first_name": "", "last_name": "", "is_staff": true, "is_active": true, "date_joined": "2023-07-24T09:17:31.743Z", "email": "admin@admin.com", "groups": [], "user_permissions": []}}, {"model": "user.user", "pk": 2, "fields": {"password": "pbkdf2_sha256$600000$tSemQYUKHPhwOkISRU6XKZ$8W8EJa0jgrOHetrOgh9UVd8bBYUdnYIwNKbeKZymnIQ=", "last_login": null, "is_superuser": false, "first_name": "Henry", "last_name": "Davis", "is_staff": false, "is_active": true, "date_joined": "2023-07-24T20:26:19.512Z", "email": "user@email.com", "groups": [], "user_permissions": []}}, {"model": "user.user", "pk": 3, "fields": {"password": "pbkdf2_sha256$600000$xBFaiaZKo1EppNKMumOlzF$BSdgkrthTg/ePbtACfOV3SPM+aaMk5gvt64JdxSlG7w=", "last_login": null, "is_superuser": false, "first_name": "Samuel", "last_name": "Miller", "is_staff": false, "is_active": true, "date_joined": "2023-07-24T20:27:41.468Z", "email": "user2@email.com", "groups": [], "user_permissions": []}}, {"model": "user.user", "pk": 4, "fields": {"password": "pbkdf2_sha256$600000$OStQLVIueb3gc3ixdvCj5O$5APyFQtuJPTZvwRvXmEogSAktBptVkrxu90bICMNByc=", "last_login": null, "is_superuser": false, "first_name": "Sofia", "last_name": "Gonzalez", "is_staff": false, "is_active": true, "date_joined": "2023-07-24T20:28:31.558Z", "email": "user3@email.com", "groups": [], "user_permissions": []}}]